Trade number,Instrument,Account,Strategy,Market pos.,Qty,Entry price,Exit price,Entry time,Exit time,Entry name,Exit name,Profit,Cum. net profit,Commission,Clearing Fee,Exchange Fee,IP Fee,NFA Fee,MAE,MFE,ETD,Bars,
1,NQ MAR26,Backtest,ThirtyFour,Short,1,22027.25,21988.50,2/13/2025 10:57:00 AM,2/13/2025 11:31:46 AM,ShortEntry,ExitShort_TP,$769.24,$769.24,$5.76,$0.00,$0.00,$0.00,$0.00,$385.00,$780.00,$10.76,36,
2,NQ MAR26,Backtest,ThirtyFour,Short,1,22078.50,22101.00,2/13/2025 3:27:00 PM,2/13/2025 3:54:40 PM,ShortEntry,ExitShort_SL,($455.76),$313.48,$5.76,$0.00,$0.00,$0.00,$0.00,$455.00,$330.00,$785.76,29,
3,NQ MAR26,Backtest,ThirtyFour,Short,1,22187.50,22190.25,2/14/2025 2:23:00 PM,2/14/2025 2:24:00 PM,ShortEntry,ExitShort_ReCross,($60.76),$252.72,$5.76,$0.00,$0.00,$0.00,$0.00,$55.00,$0.00,$60.76,2,
4,NQ MAR26,Backtest,ThirtyFour,Short,1,22186.75,22189.00,2/14/2025 2:25:00 PM,2/14/2025 2:26:00 PM,ShortEntry,ExitShort_ReCross,($50.76),$201.96,$5.76,$0.00,$0.00,$0.00,$0.00,$45.00,$0.00,$50.76,2,
5,NQ MAR26,Backtest,ThirtyFour,Short,1,22183.25,22161.00,2/14/2025 2:27:00 PM,2/14/2025 2:48:37 PM,ShortEntry,ExitShort_TP,$439.24,$641.20,$5.76,$0.00,$0.00,$0.00,$0.00,$25.00,$455.00,$15.76,23,
6,NQ MAR26,Backtest,ThirtyFour,Short,1,22193.00,22201.00,2/14/2025 3:43:00 PM,2/14/2025 3:47:00 PM,ShortEntry,ExitShort_ReCross,($165.76),$475.44,$5.76,$0.00,$0.00,$0.00,$0.00,$180.00,$105.00,$270.76,5,
7,NQ MAR26,Backtest,ThirtyFour,Short,1,22207.25,22206.25,2/14/2025 4:24:00 PM,2/14/2025 4:59:00 PM,ShortEntry,ExitShort_Sess,$14.24,$489.68,$5.76,$0.00,$0.00,$0.00,$0.00,$110.00,$170.00,$155.76,37,
8,NQ MAR26,Backtest,ThirtyFour,Short,1,22209.00,22210.00,2/21/2025 8:08:00 AM,2/21/2025 8:09:00 AM,ShortEntry,ExitShort_ReCross,($25.76),$463.92,$5.76,$0.00,$0.00,$0.00,$0.00,$20.00,$0.00,$25.76,2,
9,NQ MAR26,Backtest,ThirtyFour,Short,1,22216.50,22219.50,2/21/2025 8:27:00 AM,2/21/2025 8:28:00 AM,ShortEntry,ExitShort_ReCross,($65.76),$398.16,$5.76,$0.00,$0.00,$0.00,$0.00,$60.00,$0.00,$65.76,2,
10,NQ MAR26,Backtest,ThirtyFour,Short,1,22220.50,22223.25,2/21/2025 8:38:00 AM,2/21/2025 8:40:00 AM,ShortEntry,ExitShort_ReCross,($60.76),$337.40,$5.76,$0.00,$0.00,$0.00,$0.00,$65.00,$110.00,$170.76,3,
11,NQ MAR26,Backtest,ThirtyFour,Short,1,22231.25,22211.00,2/21/2025 8:53:00 AM,2/21/2025 9:25:33 AM,ShortEntry,ExitShort_TP,$399.24,$736.64,$5.76,$0.00,$0.00,$0.00,$0.00,$110.00,$405.00,$5.76,34,
12,NQ MAR26,Backtest,ThirtyFour,Long,1,21116.75,21090.50,2/26/2025 2:21:00 PM,2/26/2025 3:00:00 PM,LongEntry,ExitLong_ReCross,($530.76),$205.88,$5.76,$0.00,$0.00,$0.00,$0.00,$545.00,$1130.00,$1660.76,40,
13,NQ MAR26,Backtest,ThirtyFour,Long,1,20846.75,20795.00,2/27/2025 2:57:00 PM,2/27/2025 3:03:00 PM,LongEntry,ExitLong_ReCross,($1040.76),($834.88),$5.76,$0.00,$0.00,$0.00,$0.00,$1290.00,$80.00,$1120.76,7,
14,NQ MAR26,Backtest,ThirtyFour,Long,1,20700.00,20685.75,2/27/2025 3:53:00 PM,2/27/2025 3:54:00 PM,LongEntry,ExitLong_ReCross,($290.76),($1125.64),$5.76,$0.00,$0.00,$0.00,$0.00,$285.00,$0.00,$290.76,2,
15,NQ MAR26,Backtest,ThirtyFour,Long,1,20623.00,20635.75,2/27/2025 4:18:00 PM,2/27/2025 4:59:00 PM,LongEntry,ExitLong_Sess,$249.24,($876.40),$5.76,$0.00,$0.00,$0.00,$0.00,$0.00,$700.00,$450.76,43,
16,NQ MAR26,Backtest,ThirtyFour,Short,1,21066.25,21072.25,3/3/2025 7:33:00 AM,3/3/2025 7:37:00 AM,ShortEntry,ExitShort_ReCross,($125.76),($1002.16),$5.76,$0.00,$0.00,$0.00,$0.00,$150.00,$10.00,$135.76,5,
17,NQ MAR26,Backtest,ThirtyFour,Short,1,21068.50,21078.25,3/3/2025 7:38:00 AM,3/3/2025 7:47:00 AM,ShortEntry,ExitShort_ReCross,($200.76),($1202.92),$5.76,$0.00,$0.00,$0.00,$0.00,$240.00,$145.00,$345.76,10,
18,NQ MAR26,Backtest,ThirtyFour,Short,1,21069.00,21035.00,3/3/2025 7:55:00 AM,3/3/2025 8:52:49 AM,ShortEntry,ExitShort_TP,$674.24,($528.68),$5.76,$0.00,$0.00,$0.00,$0.00,$300.00,$695.00,$20.76,59,
19,NQ MAR26,Backtest,ThirtyFour,Long,1,20723.00,20786.75,3/3/2025 1:50:00 PM,3/3/2025 2:40:07 PM,LongEntry,ExitLong_TP,$1269.24,$740.56,$5.76,$0.00,$0.00,$0.00,$0.00,$420.00,$1400.00,$130.76,52,
20,NQ MAR26,Backtest,ThirtyFour,Long,1,20428.00,20527.75,3/3/2025 3:56:00 PM,3/3/2025 4:59:00 PM,LongEntry,ExitLong_Sess,$1989.24,$2729.80,$5.76,$0.00,$0.00,$0.00,$0.00,$0.00,$2180.00,$190.76,65,
21,NQ MAR26,Backtest,ThirtyFour,Long,1,20366.75,20360.00,3/4/2025 7:49:00 AM,3/4/2025 7:50:00 AM,LongEntry,ExitLong_ReCross,($140.76),$2589.04,$5.76,$0.00,$0.00,$0.00,$0.00,$135.00,$0.00,$140.76,2,
22,NQ MAR26,Backtest,ThirtyFour,Long,1,20444.75,20425.00,3/5/2025 8:48:00 AM,3/5/2025 8:50:00 AM,LongEntry,ExitLong_ReCross,($400.76),$2188.28,$5.76,$0.00,$0.00,$0.00,$0.00,$395.00,$0.00,$400.76,3,
23,NQ MAR26,Backtest,ThirtyFour,Long,1,20417.00,20404.75,3/5/2025 9:10:00 AM,3/5/2025 9:11:00 AM,LongEntry,ExitLong_ReCross,($250.76),$1937.52,$5.76,$0.00,$0.00,$0.00,$0.00,$245.00,$0.00,$250.76,2,
24,NQ MAR26,Backtest,ThirtyFour,Long,1,20415.50,20464.00,3/5/2025 9:13:00 AM,3/5/2025 9:15:50 AM,LongEntry,ExitLong_TP,$964.24,$2901.76,$5.76,$0.00,$0.00,$0.00,$0.00,$0.00,$970.00,$5.76,4,
25,NQ MAR26,Backtest,ThirtyFour,Short,1,20649.50,20663.75,3/5/2025 2:30:00 PM,3/5/2025 2:32:00 PM,ShortEntry,ExitShort_ReCross,($290.76),$2611.00,$5.76,$0.00,$0.00,$0.00,$0.00,$340.00,$200.00,$490.76,3,
26,NQ MAR26,Backtest,ThirtyFour,Short,1,20649.50,20664.50,3/5/2025 2:33:00 PM,3/5/2025 2:34:00 PM,ShortEntry,ExitShort_ReCross,($305.76),$2305.24,$5.76,$0.00,$0.00,$0.00,$0.00,$300.00,$0.00,$305.76,2,
27,NQ MAR26,Backtest,ThirtyFour,Short,1,20654.25,20661.50,3/5/2025 2:36:00 PM,3/5/2025 2:37:00 PM,ShortEntry,ExitShort_ReCross,($150.76),$2154.48,$5.76,$0.00,$0.00,$0.00,$0.00,$145.00,$0.00,$150.76,2,
28,NQ MAR26,Backtest,ThirtyFour,Short,1,20648.75,20674.25,3/5/2025 2:38:00 PM,3/5/2025 2:52:00 PM,ShortEntry,ExitShort_ReCross,($515.76),$1638.72,$5.76,$0.00,$0.00,$0.00,$0.00,$680.00,$990.00,$1505.76,15,
29,NQ MAR26,Backtest,ThirtyFour,Short,1,20671.00,20603.25,3/5/2025 3:18:00 PM,3/5/2025 4:05:18 PM,ShortEntry,ExitShort_TP,$1349.24,$2987.96,$5.76,$0.00,$0.00,$0.00,$0.00,$675.00,$1380.00,$30.76,49,
30,NQ MAR26,Backtest,ThirtyFour,Long,1,20038.50,20152.50,3/6/2025 2:38:00 PM,3/6/2025 2:48:44 PM,LongEntry,ExitLong_TP,$2274.24,$5262.20,$5.76,$0.00,$0.00,$0.00,$0.00,$580.00,$2280.00,$5.76,12,
31,NQ MAR26,Backtest,ThirtyFour,Long,1,19823.50,19781.50,3/7/2025 11:58:00 AM,3/7/2025 12:13:00 PM,LongEntry,ExitLong_ReCross,($845.76),$4416.44,$5.76,$0.00,$0.00,$0.00,$0.00,$970.00,$1445.00,$2290.76,16,
32,NQ MAR26,Backtest,ThirtyFour,Long,1,19890.50,19835.50,3/10/2025 8:43:00 AM,3/10/2025 9:32:23 AM,LongEntry,ExitLong_SL,($1105.76),$3310.68,$5.76,$0.00,$0.00,$0.00,$0.00,$1100.00,$1030.00,$2135.76,51,
33,NQ MAR26,Backtest,ThirtyFour,Short,1,19587.75,19592.25,3/12/2025 7:44:00 AM,3/12/2025 7:45:00 AM,ShortEntry,ExitShort_ReCross,($95.76),$3214.92,$5.76,$0.00,$0.00,$0.00,$0.00,$90.00,$0.00,$95.76,2,
34,NQ MAR26,Backtest,ThirtyFour,Short,1,19586.50,19628.00,3/12/2025 7:46:00 AM,3/12/2025 8:30:01 AM,ShortEntry,ExitShort_SL,($835.76),$2379.16,$5.76,$0.00,$0.00,$0.00,$0.00,$1570.00,$435.00,$1270.76,46,
35,NQ MAR26,Backtest,ThirtyFour,Short,1,19510.00,19475.75,3/14/2025 8:40:00 AM,3/14/2025 9:15:46 AM,ShortEntry,ExitShort_TP,$679.24,$3058.40,$5.76,$0.00,$0.00,$0.00,$0.00,$120.00,$685.00,$5.76,37,
36,NQ MAR26,Backtest,ThirtyFour,Short,1,19894.50,19902.75,3/17/2025 7:51:00 AM,3/17/2025 7:54:00 AM,ShortEntry,ExitShort_ReCross,($170.76),$2887.64,$5.76,$0.00,$0.00,$0.00,$0.00,$195.00,$0.00,$170.76,4,
37,NQ MAR26,Backtest,ThirtyFour,Short,1,19901.00,19902.00,3/17/2025 7:55:00 AM,3/17/2025 7:56:00 AM,ShortEntry,ExitShort_ReCross,($25.76),$2861.88,$5.76,$0.00,$0.00,$0.00,$0.00,$20.00,$0.00,$25.76,2,
38,NQ MAR26,Backtest,ThirtyFour,Short,1,19899.50,19903.50,3/17/2025 7:57:00 AM,3/17/2025 7:58:00 AM,ShortEntry,ExitShort_ReCross,($85.76),$2776.12,$5.76,$0.00,$0.00,$0.00,$0.00,$80.00,$0.00,$85.76,2,
39,NQ MAR26,Backtest,ThirtyFour,Short,1,19900.00,19867.25,3/17/2025 7:59:00 AM,3/17/2025 8:30:05 AM,ShortEntry,ExitShort_TP,$649.24,$3425.36,$5.76,$0.00,$0.00,$0.00,$0.00,$20.00,$655.00,$5.76,33,
40,NQ MAR26,Backtest,ThirtyFour,Short,1,20125.50,20130.25,3/17/2025 3:05:00 PM,3/17/2025 3:06:00 PM,ShortEntry,ExitShort_ReCross,($100.76),$3324.60,$5.76,$0.00,$0.00,$0.00,$0.00,$95.00,$0.00,$100.76,2,
41,NQ MAR26,Backtest,ThirtyFour,Short,1,20127.50,20059.25,3/17/2025 3:11:00 PM,3/17/2025 3:55:00 PM,ShortEntry,ExitShort_TP,$1359.24,$4683.84,$5.76,$0.00,$0.00,$0.00,$0.00,$215.00,$1365.00,$5.76,46,
42,NQ MAR26,Backtest,ThirtyFour,Short,1,20042.25,19964.50,3/19/2025 3:22:00 PM,3/19/2025 3:28:49 PM,ShortEntry,ExitShort_TP,$1549.24,$6233.08,$5.76,$0.00,$0.00,$0.00,$0.00,$10.00,$1555.00,$5.76,8,
43,NQ MAR26,Backtest,ThirtyFour,Short,1,19963.75,19970.50,3/21/2025 4:46:00 PM,3/21/2025 4:58:00 PM,ShortEntry,ExitShort_ReCross,($140.76),$6092.32,$5.76,$0.00,$0.00,$0.00,$0.00,$175.00,$135.00,$275.76,13,
44,NQ MAR26,Backtest,ThirtyFour,Short,1,20422.00,20402.25,3/25/2025 8:52:00 AM,3/25/2025 9:28:41 AM,ShortEntry,ExitShort_TP,$389.24,$6481.56,$5.76,$0.00,$0.00,$0.00,$0.00,$255.00,$395.00,$5.76,38,
45,NQ MAR26,Backtest,ThirtyFour,Short,1,19357.00,19376.50,3/31/2025 2:47:00 PM,3/31/2025 2:51:00 PM,ShortEntry,ExitShort_ReCross,($395.76),$6085.80,$5.76,$0.00,$0.00,$0.00,$0.00,$500.00,$240.00,$635.76,5,
46,NQ MAR26,Backtest,ThirtyFour,Short,1,19375.25,19379.50,3/31/2025 2:59:00 PM,3/31/2025 3:03:00 PM,ShortEntry,ExitShort_ReCross,($90.76),$5995.04,$5.76,$0.00,$0.00,$0.00,$0.00,$145.00,$585.00,$675.76,5,
47,NQ MAR26,Backtest,ThirtyFour,Short,1,19396.00,19410.75,3/31/2025 3:27:00 PM,3/31/2025 3:35:00 PM,ShortEntry,ExitShort_ReCross,($300.76),$5694.28,$5.76,$0.00,$0.00,$0.00,$0.00,$380.00,$865.00,$1165.76,9,
48,NQ MAR26,Backtest,ThirtyFour,Short,1,19396.50,19417.25,3/31/2025 3:38:00 PM,3/31/2025 3:39:00 PM,ShortEntry,ExitShort_ReCross,($420.76),$5273.52,$5.76,$0.00,$0.00,$0.00,$0.00,$415.00,$0.00,$420.76,2,
49,NQ MAR26,Backtest,ThirtyFour,Short,1,19423.75,19477.50,3/31/2025 3:50:00 PM,3/31/2025 3:52:00 PM,ShortEntry,ExitShort_ReCross,($1080.76),$4192.76,$5.76,$0.00,$0.00,$0.00,$0.00,$1215.00,$180.00,$1260.76,3,
50,NQ MAR26,Backtest,ThirtyFour,Short,1,19423.25,19464.25,3/31/2025 3:53:00 PM,3/31/2025 3:56:00 PM,ShortEntry,ExitShort_ReCross,($825.76),$3367.00,$5.76,$0.00,$0.00,$0.00,$0.00,$875.00,$530.00,$1355.76,4,
51,NQ MAR26,Backtest,ThirtyFour,Short,1,19561.00,19571.25,4/1/2025 11:32:00 AM,4/1/2025 11:34:00 AM,ShortEntry,ExitShort_ReCross,($210.76),$3156.24,$5.76,$0.00,$0.00,$0.00,$0.00,$250.00,$95.00,$305.76,3,
52,NQ MAR26,Backtest,ThirtyFour,Short,1,19613.00,19535.25,4/1/2025 12:23:00 PM,4/1/2025 12:30:38 PM,ShortEntry,ExitShort_TP,$1549.24,$4705.48,$5.76,$0.00,$0.00,$0.00,$0.00,$0.00,$1555.00,$5.76,9,
53,NQ MAR26,Backtest,ThirtyFour,Short,1,19850.00,19746.25,4/2/2025 1:23:00 PM,4/2/2025 1:48:19 PM,ShortEntry,ExitShort_TP,$2069.24,$6774.72,$5.76,$0.00,$0.00,$0.00,$0.00,$95.00,$2080.00,$10.76,27,
54,NQ MAR26,Backtest,ThirtyFour,Long,1,18135.00,18114.00,4/4/2025 7:02:00 AM,4/4/2025 7:03:00 AM,LongEntry,ExitLong_ReCross,($425.76),$6348.96,$5.76,$0.00,$0.00,$0.00,$0.00,$420.00,$0.00,$425.76,2,
55,NQ MAR26,Backtest,ThirtyFour,Long,1,18133.50,18120.25,4/4/2025 7:04:00 AM,4/4/2025 7:05:00 AM,LongEntry,ExitLong_ReCross,($270.76),$6078.20,$5.76,$0.00,$0.00,$0.00,$0.00,$265.00,$0.00,$270.76,2,
56,NQ MAR26,Backtest,ThirtyFour,Long,1,18138.25,18097.50,4/4/2025 7:06:00 AM,4/4/2025 7:08:00 AM,LongEntry,ExitLong_ReCross,($820.76),$5257.44,$5.76,$0.00,$0.00,$0.00,$0.00,$950.00,$0.00,$820.76,3,
57,NQ MAR26,Backtest,ThirtyFour,Long,1,17994.00,18149.00,4/4/2025 7:37:00 AM,4/4/2025 8:01:44 AM,LongEntry,ExitLong_TP,$3094.24,$8351.68,$5.76,$0.00,$0.00,$0.00,$0.00,$1380.00,$3100.00,$5.76,26,
58,NQ MAR26,Backtest,ThirtyFour,Short,1,17154.75,17166.75,4/7/2025 7:17:00 AM,4/7/2025 7:22:00 AM,ShortEntry,ExitShort_ReCross,($245.76),$8105.92,$5.76,$0.00,$0.00,$0.00,$0.00,$830.00,$615.00,$860.76,6,
59,NQ MAR26,Backtest,ThirtyFour,Short,1,17163.50,17186.25,4/7/2025 7:24:00 AM,4/7/2025 7:30:00 AM,ShortEntry,ExitShort_ReCross,($460.76),$7645.16,$5.76,$0.00,$0.00,$0.00,$0.00,$625.00,$1140.00,$1600.76,7,
60,NQ MAR26,Backtest,ThirtyFour,Short,1,17160.25,17004.50,4/7/2025 7:31:00 AM,4/7/2025 7:53:51 AM,ShortEntry,ExitShort_TP,$3109.24,$10754.40,$5.76,$0.00,$0.00,$0.00,$0.00,$70.00,$3115.00,$5.76,24,
61,NQ MAR26,Backtest,ThirtyFour,Long,1,17301.75,17269.25,4/8/2025 3:30:00 PM,4/8/2025 3:31:00 PM,LongEntry,ExitLong_ReCross,($655.76),$10098.64,$5.76,$0.00,$0.00,$0.00,$0.00,$650.00,$0.00,$655.76,2,
62,NQ MAR26,Backtest,ThirtyFour,Long,1,17226.50,17146.50,4/8/2025 3:56:00 PM,4/8/2025 4:25:14 PM,LongEntry,ExitLong_StrictSL,($1605.76),$8492.88,$5.76,$0.00,$0.00,$0.00,$0.00,$1610.00,$2090.00,$3695.76,31,
63,NQ MAR26,Backtest,ThirtyFour,Short,1,18915.00,18995.00,4/9/2025 2:44:00 PM,4/9/2025 3:13:25 PM,ShortEntry,ExitShort_StrictSL,($1605.76),$6887.12,$5.76,$0.00,$0.00,$0.00,$0.00,$1600.00,$3915.00,$5520.76,31,
64,NQ MAR26,Backtest,ThirtyFour,Long,1,18278.50,18212.75,4/10/2025 12:13:00 PM,4/10/2025 12:15:00 PM,LongEntry,ExitLong_ReCross,($1320.76),$5566.36,$5.76,$0.00,$0.00,$0.00,$0.00,$1450.00,$0.00,$1320.76,3,
65,NQ MAR26,Backtest,ThirtyFour,Long,1,18109.50,18309.75,4/10/2025 12:32:00 PM,4/10/2025 12:51:37 PM,LongEntry,ExitLong_StrictTP,$3999.24,$9565.60,$5.76,$0.00,$0.00,$0.00,$0.00,$0.00,$4020.00,$20.76,21,
66,NQ MAR26,Backtest,ThirtyFour,Short,1,18737.25,18758.00,4/11/2025 1:01:00 PM,4/11/2025 1:05:00 PM,ShortEntry,ExitShort_ReCross,($420.76),$9144.84,$5.76,$0.00,$0.00,$0.00,$0.00,$485.00,$1160.00,$1580.76,5,
67,NQ MAR26,Backtest,ThirtyFour,Long,1,18842.75,18794.00,4/14/2025 12:20:00 PM,4/14/2025 12:29:00 PM,LongEntry,ExitLong_ReCross,($980.76),$8164.08,$5.76,$0.00,$0.00,$0.00,$0.00,$985.00,$1105.00,$2085.76,10,
68,NQ MAR26,Backtest,ThirtyFour,Long,1,18364.50,18352.00,4/16/2025 2:25:00 PM,4/16/2025 2:30:00 PM,LongEntry,ExitLong_ReCross,($255.76),$7908.32,$5.76,$0.00,$0.00,$0.00,$0.00,$350.00,$465.00,$720.76,6,
69,NQ MAR26,Backtest,ThirtyFour,Long,1,18192.50,18185.00,4/16/2025 3:36:00 PM,4/16/2025 3:38:00 PM,LongEntry,ExitLong_ReCross,($155.76),$7752.56,$5.76,$0.00,$0.00,$0.00,$0.00,$170.00,$300.00,$455.76,3,
70,NQ MAR26,Backtest,ThirtyFour,Long,1,18200.25,18344.50,4/16/2025 3:40:00 PM,4/16/2025 3:51:40 PM,LongEntry,ExitLong_TP,$2879.24,$10631.80,$5.76,$0.00,$0.00,$0.00,$0.00,$45.00,$2895.00,$15.76,13,
71,NQ MAR26,Backtest,ThirtyFour,Short,1,18909.00,18935.00,4/23/2025 7:25:00 AM,4/23/2025 8:34:03 AM,ShortEntry,ExitShort_SL,($525.76),$10106.04,$5.76,$0.00,$0.00,$0.00,$0.00,$520.00,$1025.00,$1550.76,71,
72,NQ MAR26,Backtest,ThirtyFour,Short,1,18950.50,18995.75,4/23/2025 9:06:00 AM,4/23/2025 9:33:34 AM,ShortEntry,ExitShort_SL,($910.76),$9195.28,$5.76,$0.00,$0.00,$0.00,$0.00,$905.00,$1240.00,$2150.76,29,
73,NQ MAR26,Backtest,ThirtyFour,Long,1,19274.25,19270.75,4/25/2025 7:10:00 AM,4/25/2025 7:12:00 AM,LongEntry,ExitLong_ReCross,($75.76),$9119.52,$5.76,$0.00,$0.00,$0.00,$0.00,$120.00,$115.00,$190.76,3,
74,NQ MAR26,Backtest,ThirtyFour,Long,1,19262.25,19243.25,4/25/2025 7:59:00 AM,4/25/2025 8:05:00 AM,LongEntry,ExitLong_ReCross,($385.76),$8733.76,$5.76,$0.00,$0.00,$0.00,$0.00,$390.00,$390.00,$775.76,7,
75,NQ MAR26,Backtest,ThirtyFour,Short,1,19552.50,19549.00,4/25/2025 4:43:00 PM,4/25/2025 4:59:00 PM,ShortEntry,ExitShort_Sess,$64.24,$8798.00,$5.76,$0.00,$0.00,$0.00,$0.00,$80.00,$240.00,$175.76,18,
76,NQ MAR26,Backtest,ThirtyFour,Long,1,19367.00,19341.50,4/28/2025 11:39:00 AM,4/28/2025 11:50:00 AM,LongEntry,ExitLong_ReCross,($515.76),$8282.24,$5.76,$0.00,$0.00,$0.00,$0.00,$570.00,$445.00,$960.76,12,
77,NQ MAR26,Backtest,ThirtyFour,Long,1,19317.75,19295.25,4/28/2025 12:19:00 PM,4/28/2025 12:23:00 PM,LongEntry,ExitLong_ReCross,($455.76),$7826.48,$5.76,$0.00,$0.00,$0.00,$0.00,$470.00,$20.00,$475.76,5,
78,NQ MAR26,Backtest,ThirtyFour,Long,1,19307.25,19261.25,4/28/2025 12:32:00 PM,4/28/2025 1:15:21 PM,LongEntry,ExitLong_SL,($925.76),$6900.72,$5.76,$0.00,$0.00,$0.00,$0.00,$920.00,$980.00,$1905.76,45,
79,NQ MAR26,Backtest,ThirtyFour,Short,1,19651.00,19666.25,4/29/2025 2:22:00 PM,4/29/2025 2:25:00 PM,ShortEntry,ExitShort_ReCross,($310.76),$6589.96,$5.76,$0.00,$0.00,$0.00,$0.00,$335.00,$220.00,$530.76,4,
80,NQ MAR26,Backtest,ThirtyFour,Short,1,19659.25,19663.25,4/29/2025 2:26:00 PM,4/29/2025 2:27:00 PM,ShortEntry,ExitShort_ReCross,($85.76),$6504.20,$5.76,$0.00,$0.00,$0.00,$0.00,$80.00,$0.00,$85.76,2,
81,NQ MAR26,Backtest,ThirtyFour,Short,1,19655.50,19670.00,4/29/2025 2:28:00 PM,4/29/2025 2:29:00 PM,ShortEntry,ExitShort_ReCross,($295.76),$6208.44,$5.76,$0.00,$0.00,$0.00,$0.00,$290.00,$0.00,$295.76,2,
82,NQ MAR26,Backtest,ThirtyFour,Short,1,19665.25,19671.75,4/29/2025 2:33:00 PM,4/29/2025 2:35:00 PM,ShortEntry,ExitShort_ReCross,($135.76),$6072.68,$5.76,$0.00,$0.00,$0.00,$0.00,$145.00,$250.00,$385.76,3,
83,NQ MAR26,Backtest,ThirtyFour,Short,1,20013.25,19982.00,5/1/2025 7:17:00 AM,5/1/2025 7:22:12 AM,ShortEntry,ExitShort_TP,$619.24,$6691.92,$5.76,$0.00,$0.00,$0.00,$0.00,$45.00,$625.00,$5.76,7,
84,NQ MAR26,Backtest,ThirtyFour,Short,1,20081.00,20038.00,5/1/2025 11:26:00 AM,5/1/2025 11:43:50 AM,ShortEntry,ExitShort_TP,$854.24,$7546.16,$5.76,$0.00,$0.00,$0.00,$0.00,$200.00,$860.00,$5.76,19,
85,NQ MAR26,Backtest,ThirtyFour,Short,1,20108.00,20064.50,5/2/2025 9:21:00 AM,5/2/2025 9:36:21 AM,ShortEntry,ExitShort_TP,$864.24,$8410.40,$5.76,$0.00,$0.00,$0.00,$0.00,$340.00,$875.00,$10.76,17,
86,NQ MAR26,Backtest,ThirtyFour,Short,1,20158.75,20168.75,5/5/2025 2:20:00 PM,5/5/2025 2:28:00 PM,ShortEntry,ExitShort_ReCross,($205.76),$8204.64,$5.76,$0.00,$0.00,$0.00,$0.00,$270.00,$40.00,$245.76,9,
87,NQ MAR26,Backtest,ThirtyFour,Short,1,20161.25,20174.00,5/5/2025 2:30:00 PM,5/5/2025 2:34:00 PM,ShortEntry,ExitShort_ReCross,($260.76),$7943.88,$5.76,$0.00,$0.00,$0.00,$0.00,$265.00,$65.00,$325.76,5,
88,NQ MAR26,Backtest,ThirtyFour,Short,1,20171.75,20128.50,5/5/2025 2:55:00 PM,5/5/2025 3:01:00 PM,ShortEntry,ExitShort_TP,$859.24,$8803.12,$5.76,$0.00,$0.00,$0.00,$0.00,$0.00,$865.00,$5.76,8,
89,NQ MAR26,Backtest,ThirtyFour,Long,1,19906.25,19898.25,5/7/2025 9:19:00 AM,5/7/2025 9:20:00 AM,LongEntry,ExitLong_ReCross,($165.76),$8637.36,$5.76,$0.00,$0.00,$0.00,$0.00,$160.00,$0.00,$165.76,2,
90,NQ MAR26,Backtest,ThirtyFour,Short,1,21352.25,21359.25,5/14/2025 7:42:00 AM,5/14/2025 7:43:00 AM,ShortEntry,ExitShort_ReCross,($145.76),$8491.60,$5.76,$0.00,$0.00,$0.00,$0.00,$140.00,$0.00,$145.76,2,
91,NQ MAR26,Backtest,ThirtyFour,Short,1,21353.25,21335.50,5/14/2025 7:46:00 AM,5/14/2025 8:40:01 AM,ShortEntry,ExitShort_TP,$349.24,$8840.84,$5.76,$0.00,$0.00,$0.00,$0.00,$280.00,$405.00,$55.76,56,
92,NQ MAR26,Backtest,ThirtyFour,Short,1,21418.25,21426.25,5/15/2025 11:52:00 AM,5/15/2025 11:53:00 AM,ShortEntry,ExitShort_ReCross,($165.76),$8675.08,$5.76,$0.00,$0.00,$0.00,$0.00,$160.00,$0.00,$165.76,2,
93,NQ MAR26,Backtest,ThirtyFour,Short,1,21420.50,21437.75,5/15/2025 11:56:00 AM,5/15/2025 12:02:00 PM,ShortEntry,ExitShort_ReCross,($350.76),$8324.32,$5.76,$0.00,$0.00,$0.00,$0.00,$420.00,$105.00,$455.76,7,
94,NQ MAR26,Backtest,ThirtyFour,Short,1,21435.50,21448.00,5/15/2025 12:15:00 PM,5/15/2025 12:18:00 PM,ShortEntry,ExitShort_ReCross,($255.76),$8068.56,$5.76,$0.00,$0.00,$0.00,$0.00,$270.00,$15.00,$270.76,4,
95,NQ MAR26,Backtest,ThirtyFour,Short,1,21436.50,21455.50,5/15/2025 12:20:00 PM,5/15/2025 12:38:00 PM,ShortEntry,ExitShort_ReCross,($385.76),$7682.80,$5.76,$0.00,$0.00,$0.00,$0.00,$380.00,$270.00,$655.76,19,
96,NQ MAR26,Backtest,ThirtyFour,Short,1,21500.75,21437.75,5/15/2025 1:34:00 PM,5/15/2025 2:06:03 PM,ShortEntry,ExitShort_TP,$1254.24,$8937.04,$5.76,$0.00,$0.00,$0.00,$0.00,$165.00,$1260.00,$5.76,34,
97,NQ MAR26,Backtest,ThirtyFour,Long,1,21340.00,21376.25,5/20/2025 3:11:00 PM,5/20/2025 3:23:54 PM,LongEntry,ExitLong_TP,$719.24,$9656.28,$5.76,$0.00,$0.00,$0.00,$0.00,$115.00,$725.00,$5.76,14,
98,NQ MAR26,Backtest,ThirtyFour,Short,1,21504.75,21535.75,5/21/2025 11:33:00 AM,5/21/2025 12:07:24 PM,ShortEntry,ExitShort_SL,($625.76),$9030.52,$5.76,$0.00,$0.00,$0.00,$0.00,$625.00,$235.00,$860.76,36,
99,NQ MAR26,Backtest,ThirtyFour,Short,1,21503.50,21486.75,5/28/2025 7:05:00 AM,5/28/2025 7:47:27 AM,ShortEntry,ExitShort_TP,$329.24,$9359.76,$5.76,$0.00,$0.00,$0.00,$0.00,$165.00,$345.00,$15.76,44,
100,NQ MAR26,Backtest,ThirtyFour,Long,1,21387.00,21378.50,5/28/2025 4:08:00 PM,5/28/2025 4:12:00 PM,LongEntry,ExitLong_ReCross,($175.76),$9184.00,$5.76,$0.00,$0.00,$0.00,$0.00,$220.00,$150.00,$325.76,5,
101,NQ MAR26,Backtest,ThirtyFour,Long,1,21388.00,21378.00,5/28/2025 4:13:00 PM,5/28/2025 4:14:00 PM,LongEntry,ExitLong_ReCross,($205.76),$8978.24,$5.76,$0.00,$0.00,$0.00,$0.00,$200.00,$0.00,$205.76,2,
102,NQ MAR26,Backtest,ThirtyFour,Long,1,21130.50,21201.25,5/30/2025 1:04:00 PM,5/30/2025 1:35:37 PM,LongEntry,ExitLong_TP,$1409.24,$10387.48,$5.76,$0.00,$0.00,$0.00,$0.00,$75.00,$1420.00,$10.76,33,
103,NQ MAR26,Backtest,ThirtyFour,Short,1,21904.00,21916.00,6/5/2025 11:48:00 AM,6/5/2025 11:52:00 AM,ShortEntry,ExitShort_ReCross,($245.76),$10141.72,$5.76,$0.00,$0.00,$0.00,$0.00,$255.00,$30.00,$275.76,5,
104,NQ MAR26,Backtest,ThirtyFour,Short,1,21909.00,21922.25,6/5/2025 11:54:00 AM,6/5/2025 11:58:00 AM,ShortEntry,ExitShort_ReCross,($270.76),$9870.96,$5.76,$0.00,$0.00,$0.00,$0.00,$520.00,$150.00,$420.76,5,
105,NQ MAR26,Backtest,ThirtyFour,Short,1,21913.00,21863.25,6/5/2025 12:03:00 PM,6/5/2025 12:14:35 PM,ShortEntry,ExitShort_TP,$989.24,$10860.20,$5.76,$0.00,$0.00,$0.00,$0.00,$150.00,$1000.00,$10.76,13,
106,NQ MAR26,Backtest,ThirtyFour,Long,1,21596.25,21672.00,6/5/2025 3:32:00 PM,6/5/2025 3:38:31 PM,LongEntry,ExitLong_TP,$1509.24,$12369.44,$5.76,$0.00,$0.00,$0.00,$0.00,$240.00,$1550.00,$40.76,8,
107,NQ MAR26,Backtest,ThirtyFour,Long,1,21565.50,21555.25,6/5/2025 4:29:00 PM,6/5/2025 4:36:00 PM,LongEntry,ExitLong_ReCross,($210.76),$12158.68,$5.76,$0.00,$0.00,$0.00,$0.00,$255.00,$605.00,$815.76,8,
108,NQ MAR26,Backtest,ThirtyFour,Short,1,21959.25,21969.00,6/10/2025 3:18:00 PM,6/10/2025 3:24:00 PM,ShortEntry,ExitShort_ReCross,($200.76),$11957.92,$5.76,$0.00,$0.00,$0.00,$0.00,$230.00,$395.00,$595.76,7,
109,NQ MAR26,Backtest,ThirtyFour,Long,1,21859.00,21822.25,6/11/2025 2:26:00 PM,6/11/2025 2:32:00 PM,LongEntry,ExitLong_ReCross,($740.76),$11217.16,$5.76,$0.00,$0.00,$0.00,$0.00,$750.00,$400.00,$1140.76,7,
110,NQ MAR26,Backtest,ThirtyFour,Long,1,21962.00,21951.00,6/17/2025 2:37:00 PM,6/17/2025 2:38:00 PM,LongEntry,ExitLong_ReCross,($225.76),$10991.40,$5.76,$0.00,$0.00,$0.00,$0.00,$220.00,$0.00,$225.76,2,
111,NQ MAR26,Backtest,ThirtyFour,Long,1,21954.50,21994.00,6/17/2025 2:56:00 PM,6/17/2025 3:50:00 PM,LongEntry,ExitLong_TP,$784.24,$11775.64,$5.76,$0.00,$0.00,$0.00,$0.00,$170.00,$880.00,$95.76,56,
112,NQ MAR26,Backtest,ThirtyFour,Long,1,21769.75,21755.00,6/19/2025 9:07:00 AM,6/19/2025 9:08:00 AM,LongEntry,ExitLong_ReCross,($300.76),$11474.88,$5.76,$0.00,$0.00,$0.00,$0.00,$295.00,$0.00,$300.76,2,
113,NQ MAR26,Backtest,ThirtyFour,Long,1,21764.25,21747.50,6/19/2025 9:13:00 AM,6/19/2025 9:37:00 AM,LongEntry,ExitLong_ReCross,($340.76),$11134.12,$5.76,$0.00,$0.00,$0.00,$0.00,$365.00,$450.00,$790.76,25,
114,NQ MAR26,Backtest,ThirtyFour,Short,1,21975.00,21987.25,6/20/2025 8:10:00 AM,6/20/2025 8:14:00 AM,ShortEntry,ExitShort_ReCross,($250.76),$10883.36,$5.76,$0.00,$0.00,$0.00,$0.00,$270.00,$0.00,$250.76,5,
115,NQ MAR26,Backtest,ThirtyFour,Short,1,21983.75,22011.00,6/20/2025 8:25:00 AM,6/20/2025 8:33:23 AM,ShortEntry,ExitShort_SL,($550.76),$10332.60,$5.76,$0.00,$0.00,$0.00,$0.00,$555.00,$225.00,$775.76,10,
116,NQ MAR26,Backtest,ThirtyFour,Short,1,22028.25,22048.75,6/20/2025 9:18:00 AM,6/20/2025 9:19:23 AM,ShortEntry,ExitShort_SL,($415.76),$9916.84,$5.76,$0.00,$0.00,$0.00,$0.00,$410.00,$0.00,$415.76,3,
117,NQ MAR26,Backtest,ThirtyFour,Short,1,22484.75,22488.75,6/25/2025 8:36:00 AM,6/25/2025 8:39:00 AM,ShortEntry,ExitShort_ReCross,($85.76),$9831.08,$5.76,$0.00,$0.00,$0.00,$0.00,$80.00,$35.00,$120.76,4,
118,NQ MAR26,Backtest,ThirtyFour,Short,1,22490.50,22495.00,6/25/2025 8:51:00 AM,6/25/2025 8:52:00 AM,ShortEntry,ExitShort_ReCross,($95.76),$9735.32,$5.76,$0.00,$0.00,$0.00,$0.00,$90.00,$0.00,$95.76,2,
119,NQ MAR26,Backtest,ThirtyFour,Short,1,22498.00,22507.00,6/25/2025 9:08:00 AM,6/25/2025 9:15:00 AM,ShortEntry,ExitShort_ReCross,($185.76),$9549.56,$5.76,$0.00,$0.00,$0.00,$0.00,$190.00,$70.00,$255.76,8,
120,NQ MAR26,Backtest,ThirtyFour,Short,1,22502.25,22522.25,6/25/2025 9:17:00 AM,6/25/2025 9:30:33 AM,ShortEntry,ExitShort_SL,($405.76),$9143.80,$5.76,$0.00,$0.00,$0.00,$0.00,$400.00,$185.00,$590.76,15,
121,NQ MAR26,Backtest,ThirtyFour,Short,1,22673.50,22648.50,6/26/2025 2:38:00 PM,6/26/2025 4:00:43 PM,ShortEntry,ExitShort_TP,$494.24,$9638.04,$5.76,$0.00,$0.00,$0.00,$0.00,$410.00,$510.00,$15.76,84,
122,NQ MAR26,Backtest,ThirtyFour,Short,1,22774.75,22752.25,6/27/2025 8:06:00 AM,6/27/2025 8:20:06 AM,ShortEntry,ExitShort_TP,$444.24,$10082.28,$5.76,$0.00,$0.00,$0.00,$0.00,$65.00,$450.00,$5.76,16,
123,NQ MAR26,Backtest,ThirtyFour,Long,1,22658.50,22647.00,6/27/2025 2:48:00 PM,6/27/2025 2:49:00 PM,LongEntry,ExitLong_ReCross,($235.76),$9846.52,$5.76,$0.00,$0.00,$0.00,$0.00,$230.00,$0.00,$235.76,2,
124,NQ MAR26,Backtest,ThirtyFour,Long,1,22638.25,22632.75,6/27/2025 3:06:00 PM,6/27/2025 3:07:00 PM,LongEntry,ExitLong_ReCross,($115.76),$9730.76,$5.76,$0.00,$0.00,$0.00,$0.00,$110.00,$0.00,$115.76,2,
125,NQ MAR26,Backtest,ThirtyFour,Long,1,22645.25,22684.50,6/27/2025 3:08:00 PM,6/27/2025 3:25:53 PM,LongEntry,ExitLong_TP,$779.24,$10510.00,$5.76,$0.00,$0.00,$0.00,$0.00,$80.00,$785.00,$5.76,19,
126,NQ MAR26,Backtest,ThirtyFour,Long,1,22824.00,22822.75,7/7/2025 2:39:00 PM,7/7/2025 2:41:00 PM,LongEntry,ExitLong_ReCross,($30.76),$10479.24,$5.76,$0.00,$0.00,$0.00,$0.00,$90.00,$25.00,$55.76,3,
127,NQ MAR26,Backtest,ThirtyFour,Long,1,22827.25,22865.25,7/7/2025 2:42:00 PM,7/7/2025 2:55:19 PM,LongEntry,ExitLong_TP,$754.24,$11233.48,$5.76,$0.00,$0.00,$0.00,$0.00,$0.00,$760.00,$5.76,15,
128,NQ MAR26,Backtest,ThirtyFour,Short,1,23068.25,23048.50,7/10/2025 8:02:00 AM,7/10/2025 8:25:02 AM,ShortEntry,ExitShort_TP,$389.24,$11622.72,$5.76,$0.00,$0.00,$0.00,$0.00,$0.00,$395.00,$5.76,25,
129,NQ MAR26,Backtest,ThirtyFour,Short,1,23070.25,23073.25,7/16/2025 8:58:00 AM,7/16/2025 9:01:00 AM,ShortEntry,ExitShort_ReCross,($65.76),$11556.96,$5.76,$0.00,$0.00,$0.00,$0.00,$70.00,$75.00,$140.76,4,
130,NQ MAR26,Backtest,ThirtyFour,Short,1,23069.00,23054.00,7/16/2025 9:02:00 AM,7/16/2025 9:31:08 AM,ShortEntry,ExitShort_TP,$294.24,$11851.20,$5.76,$0.00,$0.00,$0.00,$0.00,$410.00,$305.00,$10.76,31,
131,NQ MAR26,Backtest,ThirtyFour,Short,1,23295.50,23304.25,7/23/2025 2:31:00 PM,7/23/2025 2:51:00 PM,ShortEntry,ExitShort_ReCross,($180.76),$11670.44,$5.76,$0.00,$0.00,$0.00,$0.00,$195.00,$205.00,$385.76,21,
132,NQ MAR26,Backtest,ThirtyFour,Short,1,23455.50,23433.00,7/25/2025 12:42:00 PM,7/25/2025 1:20:29 PM,ShortEntry,ExitShort_TP,$444.24,$12114.68,$5.76,$0.00,$0.00,$0.00,$0.00,$100.00,$450.00,$5.76,40,
133,NQ MAR26,Backtest,ThirtyFour,Short,1,23534.00,23548.00,7/30/2025 12:30:00 PM,7/30/2025 1:40:37 PM,ShortEntry,ExitShort_SL,($285.76),$11828.92,$5.76,$0.00,$0.00,$0.00,$0.00,$280.00,$295.00,$580.76,72,
134,NQ MAR26,Backtest,ThirtyFour,Long,1,23371.00,23318.25,7/31/2025 2:22:00 PM,7/31/2025 3:54:40 PM,LongEntry,ExitLong_SL,($1060.76),$10768.16,$5.76,$0.00,$0.00,$0.00,$0.00,$1055.00,$1895.00,$2955.76,94,
135,NQ MAR26,Backtest,ThirtyFour,Short,1,23385.75,23369.50,8/5/2025 7:17:00 AM,8/5/2025 7:30:18 AM,ShortEntry,ExitShort_TP,$319.24,$11087.40,$5.76,$0.00,$0.00,$0.00,$0.00,$70.00,$325.00,$5.76,15,
136,NQ MAR26,Backtest,ThirtyFour,Short,1,23365.25,23382.00,8/6/2025 12:15:00 PM,8/6/2025 12:21:00 PM,ShortEntry,ExitShort_ReCross,($340.76),$10746.64,$5.76,$0.00,$0.00,$0.00,$0.00,$360.00,$0.00,$340.76,7,
137,NQ MAR26,Backtest,ThirtyFour,Short,1,23369.75,23391.00,8/6/2025 12:23:00 PM,8/6/2025 1:41:30 PM,ShortEntry,ExitShort_SL,($430.76),$10315.88,$5.76,$0.00,$0.00,$0.00,$0.00,$470.00,$480.00,$910.76,80,
138,NQ MAR26,Backtest,ThirtyFour,Long,1,23366.00,23350.00,8/7/2025 2:29:00 PM,8/7/2025 2:32:00 PM,LongEntry,ExitLong_ReCross,($325.76),$9990.12,$5.76,$0.00,$0.00,$0.00,$0.00,$345.00,$185.00,$510.76,4,
139,NQ MAR26,Backtest,ThirtyFour,Long,1,23361.25,23355.25,8/7/2025 2:35:00 PM,8/7/2025 2:45:00 PM,LongEntry,ExitLong_ReCross,($125.76),$9864.36,$5.76,$0.00,$0.00,$0.00,$0.00,$220.00,$450.00,$575.76,11,
140,NQ MAR26,Backtest,ThirtyFour,Short,1,23778.75,23784.25,8/11/2025 12:21:00 PM,8/11/2025 12:26:00 PM,ShortEntry,ExitShort_ReCross,($115.76),$9748.60,$5.76,$0.00,$0.00,$0.00,$0.00,$165.00,$50.00,$165.76,6,
141,NQ MAR26,Backtest,ThirtyFour,Long,1,23672.50,23665.00,8/11/2025 3:22:00 PM,8/11/2025 3:27:00 PM,LongEntry,ExitLong_ReCross,($155.76),$9592.84,$5.76,$0.00,$0.00,$0.00,$0.00,$220.00,$0.00,$155.76,6,
142,NQ MAR26,Backtest,ThirtyFour,Long,1,23638.50,23627.50,8/11/2025 4:01:00 PM,8/11/2025 4:15:00 PM,LongEntry,ExitLong_ReCross,($225.76),$9367.08,$5.76,$0.00,$0.00,$0.00,$0.00,$260.00,$100.00,$325.76,15,
143,NQ MAR26,Backtest,ThirtyFour,Long,1,23626.25,23626.25,8/11/2025 4:44:00 PM,8/11/2025 4:54:00 PM,LongEntry,ExitLong_ReCross,($5.76),$9361.32,$5.76,$0.00,$0.00,$0.00,$0.00,$25.00,$90.00,$95.76,11,
144,NQ MAR26,Backtest,ThirtyFour,Long,1,23226.50,23255.75,8/21/2025 9:05:00 AM,8/21/2025 9:28:00 AM,LongEntry,ExitLong_TP,$579.24,$9940.56,$5.76,$0.00,$0.00,$0.00,$0.00,$50.00,$585.00,$5.76,25,
145,NQ MAR26,Backtest,ThirtyFour,Long,1,23147.75,23194.25,8/21/2025 1:30:00 PM,8/21/2025 1:37:16 PM,LongEntry,ExitLong_TP,$924.24,$10864.80,$5.76,$0.00,$0.00,$0.00,$0.00,$140.00,$930.00,$5.76,9,
146,NQ MAR26,Backtest,ThirtyFour,Short,1,23646.00,23619.75,8/27/2025 2:33:00 PM,8/27/2025 3:00:57 PM,ShortEntry,ExitShort_TP,$519.24,$11384.04,$5.76,$0.00,$0.00,$0.00,$0.00,$80.00,$525.00,$5.76,29,
147,NQ MAR26,Backtest,ThirtyFour,Short,1,23443.75,23447.25,9/3/2025 7:10:00 AM,9/3/2025 7:11:00 AM,ShortEntry,ExitShort_ReCross,($75.76),$11308.28,$5.76,$0.00,$0.00,$0.00,$0.00,$70.00,$0.00,$75.76,2,
148,NQ MAR26,Backtest,ThirtyFour,Short,1,23447.00,23409.75,9/3/2025 7:16:00 AM,9/3/2025 7:32:15 AM,ShortEntry,ExitShort_TP,$739.24,$12047.52,$5.76,$0.00,$0.00,$0.00,$0.00,$0.00,$745.00,$5.76,18,
149,NQ MAR26,Backtest,ThirtyFour,Short,1,23568.75,23576.75,9/4/2025 1:36:00 PM,9/4/2025 1:38:00 PM,ShortEntry,ExitShort_ReCross,($165.76),$11881.76,$5.76,$0.00,$0.00,$0.00,$0.00,$190.00,$0.00,$165.76,3,
150,NQ MAR26,Backtest,ThirtyFour,Short,1,23627.25,23635.75,9/4/2025 3:51:00 PM,9/4/2025 3:52:00 PM,ShortEntry,ExitShort_ReCross,($175.76),$11706.00,$5.76,$0.00,$0.00,$0.00,$0.00,$170.00,$0.00,$175.76,2,
151,NQ MAR26,Backtest,ThirtyFour,Long,1,23873.00,23865.50,9/10/2025 2:35:00 PM,9/10/2025 2:38:00 PM,LongEntry,ExitLong_ReCross,($155.76),$11550.24,$5.76,$0.00,$0.00,$0.00,$0.00,$175.00,$130.00,$285.76,4,
152,NQ MAR26,Backtest,ThirtyFour,Long,1,23870.00,23861.25,9/10/2025 2:39:00 PM,9/10/2025 2:40:00 PM,LongEntry,ExitLong_ReCross,($180.76),$11369.48,$5.76,$0.00,$0.00,$0.00,$0.00,$175.00,$0.00,$180.76,2,
153,NQ MAR26,Backtest,ThirtyFour,Long,1,23859.50,23850.50,9/10/2025 2:58:00 PM,9/10/2025 3:04:00 PM,LongEntry,ExitLong_ReCross,($185.76),$11183.72,$5.76,$0.00,$0.00,$0.00,$0.00,$225.00,$155.00,$340.76,7,
154,NQ MAR26,Backtest,ThirtyFour,Long,1,23834.50,23830.00,9/10/2025 3:34:00 PM,9/10/2025 3:36:00 PM,LongEntry,ExitLong_ReCross,($95.76),$11087.96,$5.76,$0.00,$0.00,$0.00,$0.00,$125.00,$105.00,$200.76,3,
155,NQ MAR26,Backtest,ThirtyFour,Long,1,23837.50,23824.50,9/10/2025 3:37:00 PM,9/10/2025 3:38:00 PM,LongEntry,ExitLong_ReCross,($265.76),$10822.20,$5.76,$0.00,$0.00,$0.00,$0.00,$260.00,$0.00,$265.76,2,
156,NQ MAR26,Backtest,ThirtyFour,Long,1,23835.25,23873.50,9/10/2025 3:43:00 PM,9/10/2025 3:50:00 PM,LongEntry,ExitLong_TP,$759.24,$11581.44,$5.76,$0.00,$0.00,$0.00,$0.00,$0.00,$770.00,$10.76,9,
157,NQ MAR26,Backtest,ThirtyFour,Short,1,23945.25,23947.75,9/11/2025 7:04:00 AM,9/11/2025 7:06:00 AM,ShortEntry,ExitShort_ReCross,($55.76),$11525.68,$5.76,$0.00,$0.00,$0.00,$0.00,$50.00,$5.00,$60.76,3,
158,NQ MAR26,Backtest,ThirtyFour,Short,1,23944.50,23947.25,9/11/2025 7:08:00 AM,9/11/2025 7:09:00 AM,ShortEntry,ExitShort_ReCross,($60.76),$11464.92,$5.76,$0.00,$0.00,$0.00,$0.00,$55.00,$0.00,$60.76,2,
159,NQ MAR26,Backtest,ThirtyFour,Short,1,23944.75,23954.00,9/11/2025 7:12:00 AM,9/11/2025 7:49:26 AM,ShortEntry,ExitShort_SL,($190.76),$11274.16,$5.76,$0.00,$0.00,$0.00,$0.00,$195.00,$115.00,$305.76,39,
160,NQ MAR26,Backtest,ThirtyFour,Short,1,24094.50,24079.00,9/12/2025 11:04:00 AM,9/12/2025 11:44:00 AM,ShortEntry,ExitShort_TP,$304.24,$11578.40,$5.76,$0.00,$0.00,$0.00,$0.00,$215.00,$340.00,$35.76,42,
161,NQ MAR26,Backtest,ThirtyFour,Short,1,24148.25,24115.75,9/12/2025 3:09:00 PM,9/12/2025 3:31:09 PM,ShortEntry,ExitShort_TP,$644.24,$12222.64,$5.76,$0.00,$0.00,$0.00,$0.00,$75.00,$650.00,$5.76,24,
162,NQ MAR26,Backtest,ThirtyFour,Long,1,24839.50,24822.00,9/23/2025 1:51:00 PM,9/23/2025 1:54:00 PM,LongEntry,ExitLong_ReCross,($355.76),$11866.88,$5.76,$0.00,$0.00,$0.00,$0.00,$440.00,$100.00,$455.76,4,
163,NQ MAR26,Backtest,ThirtyFour,Long,1,24832.50,24817.75,9/23/2025 1:59:00 PM,9/23/2025 2:05:00 PM,LongEntry,ExitLong_ReCross,($300.76),$11566.12,$5.76,$0.00,$0.00,$0.00,$0.00,$310.00,$275.00,$575.76,7,
164,NQ MAR26,Backtest,ThirtyFour,Long,1,24815.25,24787.75,9/23/2025 2:27:00 PM,9/23/2025 2:55:22 PM,LongEntry,ExitLong_SL,($555.76),$11010.36,$5.76,$0.00,$0.00,$0.00,$0.00,$600.00,$415.00,$970.76,30,
165,NQ MAR26,Backtest,ThirtyFour,Long,1,24668.50,24713.50,9/24/2025 12:22:00 PM,9/24/2025 1:09:00 PM,LongEntry,ExitLong_TP,$894.24,$11904.60,$5.76,$0.00,$0.00,$0.00,$0.00,$0.00,$900.00,$5.76,49,
166,NQ MAR26,Backtest,ThirtyFour,Long,1,24629.25,24612.25,9/25/2025 7:54:00 AM,9/25/2025 7:59:00 AM,LongEntry,ExitLong_ReCross,($345.76),$11558.84,$5.76,$0.00,$0.00,$0.00,$0.00,$365.00,$50.00,$395.76,6,
167,NQ MAR26,Backtest,ThirtyFour,Long,1,24980.75,25025.50,10/3/2025 2:13:00 PM,10/3/2025 2:24:44 PM,LongEntry,ExitLong_TP,$889.24,$12448.08,$5.76,$0.00,$0.00,$0.00,$0.00,$290.00,$905.00,$15.76,13,
168,NQ MAR26,Backtest,ThirtyFour,Short,1,25202.50,25212.50,10/7/2025 8:11:00 AM,10/7/2025 8:23:00 AM,ShortEntry,ExitShort_ReCross,($205.76),$12242.32,$5.76,$0.00,$0.00,$0.00,$0.00,$225.00,$135.00,$340.76,13,
169,NQ MAR26,Backtest,ThirtyFour,Long,1,24712.25,24705.75,10/16/2025 2:40:00 PM,10/16/2025 2:41:00 PM,LongEntry,ExitLong_ReCross,($135.76),$12106.56,$5.76,$0.00,$0.00,$0.00,$0.00,$130.00,$0.00,$135.76,2,
170,NQ MAR26,Backtest,ThirtyFour,Long,1,24717.50,24806.00,10/16/2025 2:43:00 PM,10/16/2025 3:50:00 PM,LongEntry,ExitLong_TP,$1764.24,$13870.80,$5.76,$0.00,$0.00,$0.00,$0.00,$500.00,$2065.00,$300.76,69,
171,NQ MAR26,Backtest,ThirtyFour,Long,1,24913.00,24879.00,10/22/2025 1:35:00 PM,10/22/2025 1:39:00 PM,LongEntry,ExitLong_ReCross,($685.76),$13185.04,$5.76,$0.00,$0.00,$0.00,$0.00,$715.00,$290.00,$975.76,5,
172,NQ MAR26,Backtest,ThirtyFour,Long,1,24868.75,24849.00,10/22/2025 1:50:00 PM,10/22/2025 1:52:00 PM,LongEntry,ExitLong_ReCross,($400.76),$12784.28,$5.76,$0.00,$0.00,$0.00,$0.00,$490.00,$30.00,$430.76,3,
173,NQ MAR26,Backtest,ThirtyFour,Long,1,24848.25,24948.25,10/22/2025 1:59:00 PM,10/22/2025 2:57:18 PM,LongEntry,ExitLong_TP,$1994.24,$14778.52,$5.76,$0.00,$0.00,$0.00,$0.00,$425.00,$2010.00,$15.76,60,
174,NQ MAR26,Backtest,ThirtyFour,Long,1,24964.25,24956.50,10/23/2025 8:24:00 AM,10/23/2025 8:26:00 AM,LongEntry,ExitLong_ReCross,($160.76),$14617.76,$5.76,$0.00,$0.00,$0.00,$0.00,$215.00,$0.00,$160.76,3,
175,NQ MAR26,Backtest,ThirtyFour,Long,1,24964.00,24950.50,10/23/2025 8:27:00 AM,10/23/2025 8:32:00 AM,LongEntry,ExitLong_ReCross,($275.76),$14342.00,$5.76,$0.00,$0.00,$0.00,$0.00,$390.00,$225.00,$500.76,6,
176,NQ MAR26,Backtest,ThirtyFour,Short,1,26138.75,26150.75,10/28/2025 1:47:00 PM,10/28/2025 1:52:00 PM,ShortEntry,ExitShort_ReCross,($245.76),$14096.24,$5.76,$0.00,$0.00,$0.00,$0.00,$335.00,$55.00,$300.76,6,
177,NQ MAR26,Backtest,ThirtyFour,Short,1,26178.50,26182.75,10/28/2025 2:44:00 PM,10/28/2025 2:45:00 PM,ShortEntry,ExitShort_ReCross,($90.76),$14005.48,$5.76,$0.00,$0.00,$0.00,$0.00,$85.00,$0.00,$90.76,2,
178,NQ MAR26,Backtest,ThirtyFour,Short,1,26180.25,26183.75,10/28/2025 2:50:00 PM,10/28/2025 2:51:00 PM,ShortEntry,ExitShort_ReCross,($75.76),$13929.72,$5.76,$0.00,$0.00,$0.00,$0.00,$70.00,$0.00,$75.76,2,
179,NQ MAR26,Backtest,ThirtyFour,Short,1,26184.75,26187.75,10/28/2025 2:57:00 PM,10/28/2025 2:59:00 PM,ShortEntry,ExitShort_ReCross,($65.76),$13863.96,$5.76,$0.00,$0.00,$0.00,$0.00,$85.00,$65.00,$130.76,3,
180,NQ MAR26,Backtest,ThirtyFour,Short,1,26185.75,26196.25,10/28/2025 3:02:00 PM,10/28/2025 3:07:00 PM,ShortEntry,ExitShort_ReCross,($215.76),$13648.20,$5.76,$0.00,$0.00,$0.00,$0.00,$255.00,$115.00,$330.76,6,
181,NQ MAR26,Backtest,ThirtyFour,Short,1,26198.00,26206.00,10/28/2025 3:20:00 PM,10/28/2025 3:21:00 PM,ShortEntry,ExitShort_ReCross,($165.76),$13482.44,$5.76,$0.00,$0.00,$0.00,$0.00,$160.00,$0.00,$165.76,2,
182,NQ MAR26,Backtest,ThirtyFour,Short,1,26213.50,26159.25,10/28/2025 3:39:00 PM,10/28/2025 3:59:57 PM,ShortEntry,ExitShort_TP,$1079.24,$14561.68,$5.76,$0.00,$0.00,$0.00,$0.00,$10.00,$1085.00,$5.76,22,
183,NQ MAR26,Backtest,ThirtyFour,Short,1,26244.25,26220.00,10/31/2025 8:37:00 AM,10/31/2025 8:40:49 AM,ShortEntry,ExitShort_TP,$479.24,$15040.92,$5.76,$0.00,$0.00,$0.00,$0.00,$0.00,$485.00,$5.76,5,
184,NQ MAR26,Backtest,ThirtyFour,Long,1,26017.00,25992.25,10/31/2025 12:30:00 PM,10/31/2025 12:42:00 PM,LongEntry,ExitLong_ReCross,($500.76),$14540.16,$5.76,$0.00,$0.00,$0.00,$0.00,$510.00,$395.00,$895.76,13,
185,NQ MAR26,Backtest,ThirtyFour,Long,1,25932.75,25893.00,10/31/2025 1:32:00 PM,10/31/2025 1:38:00 PM,LongEntry,ExitLong_ReCross,($800.76),$13739.40,$5.76,$0.00,$0.00,$0.00,$0.00,$880.00,$405.00,$1205.76,7,
186,NQ MAR26,Backtest,ThirtyFour,Long,1,25920.75,25990.50,10/31/2025 1:44:00 PM,10/31/2025 2:08:49 PM,LongEntry,ExitLong_TP,$1389.24,$15128.64,$5.76,$0.00,$0.00,$0.00,$0.00,$0.00,$1395.00,$5.76,26,
187,NQ MAR26,Backtest,ThirtyFour,Short,1,26168.50,26142.00,11/3/2025 7:19:00 AM,11/3/2025 8:04:00 AM,ShortEntry,ExitShort_TP,$524.24,$15652.88,$5.76,$0.00,$0.00,$0.00,$0.00,$155.00,$535.00,$10.76,47,
188,NQ MAR26,Backtest,ThirtyFour,Short,1,25805.75,25767.00,11/6/2025 8:40:00 AM,11/6/2025 8:58:20 AM,ShortEntry,ExitShort_TP,$769.24,$16422.12,$5.76,$0.00,$0.00,$0.00,$0.00,$55.00,$775.00,$5.76,20,
189,NQ MAR26,Backtest,ThirtyFour,Long,1,25092.75,25137.75,11/7/2025 8:06:00 AM,11/7/2025 8:51:48 AM,LongEntry,ExitLong_TP,$894.24,$17316.36,$5.76,$0.00,$0.00,$0.00,$0.00,$520.00,$1090.00,$195.76,47,
190,NQ MAR26,Backtest,ThirtyFour,Long,1,24767.00,24732.25,11/14/2025 7:28:00 AM,11/14/2025 7:34:00 AM,LongEntry,ExitLong_ReCross,($700.76),$16615.60,$5.76,$0.00,$0.00,$0.00,$0.00,$780.00,$330.00,$1030.76,7,
191,NQ MAR26,Backtest,ThirtyFour,Long,1,24712.00,24659.50,11/14/2025 7:50:00 AM,11/14/2025 8:44:14 AM,LongEntry,ExitLong_SL,($1055.76),$15559.84,$5.76,$0.00,$0.00,$0.00,$0.00,$1065.00,$1085.00,$2140.76,56,
192,NQ MAR26,Backtest,ThirtyFour,Long,1,24808.00,24769.25,11/17/2025 3:20:00 PM,11/17/2025 3:21:00 PM,LongEntry,ExitLong_ReCross,($780.76),$14779.08,$5.76,$0.00,$0.00,$0.00,$0.00,$775.00,$0.00,$780.76,2,
193,NQ MAR26,Backtest,ThirtyFour,Long,1,24792.50,24766.25,11/17/2025 3:25:00 PM,11/17/2025 3:41:00 PM,LongEntry,ExitLong_ReCross,($530.76),$14248.32,$5.76,$0.00,$0.00,$0.00,$0.00,$635.00,$435.00,$965.76,17,
194,NQ MAR26,Backtest,ThirtyFour,Long,1,24784.75,24895.25,11/17/2025 3:44:00 PM,11/17/2025 4:00:08 PM,LongEntry,ExitLong_TP,$2204.24,$16452.56,$5.76,$0.00,$0.00,$0.00,$0.00,$205.00,$2210.00,$5.76,18,
195,NQ MAR26,Backtest,ThirtyFour,Long,1,24478.25,24426.00,11/20/2025 12:32:00 PM,11/20/2025 12:33:00 PM,LongEntry,ExitLong_ReCross,($1050.76),$15401.80,$5.76,$0.00,$0.00,$0.00,$0.00,$1045.00,$0.00,$1050.76,2,
196,NQ MAR26,Backtest,ThirtyFour,Long,1,24423.00,24368.25,11/20/2025 12:40:00 PM,11/20/2025 12:45:00 PM,LongEntry,ExitLong_ReCross,($1100.76),$14301.04,$5.76,$0.00,$0.00,$0.00,$0.00,$1170.00,$665.00,$1765.76,6,
197,NQ MAR26,Backtest,ThirtyFour,Long,1,24397.00,24322.00,11/20/2025 12:53:00 PM,11/20/2025 12:55:00 PM,LongEntry,ExitLong_ReCross,($1505.76),$12795.28,$5.76,$0.00,$0.00,$0.00,$0.00,$1525.00,$0.00,$1505.76,3,
198,NQ MAR26,Backtest,ThirtyFour,Long,1,24379.25,24579.25,11/20/2025 12:57:00 PM,11/20/2025 1:14:27 PM,LongEntry,ExitLong_StrictTP,$3994.24,$16789.52,$5.76,$0.00,$0.00,$0.00,$0.00,$525.00,$4005.00,$10.76,19,
199,NQ MAR26,Backtest,ThirtyFour,Short,1,24327.00,24345.25,11/21/2025 12:21:00 PM,11/21/2025 12:24:00 PM,ShortEntry,ExitShort_ReCross,($370.76),$16418.76,$5.76,$0.00,$0.00,$0.00,$0.00,$515.00,$230.00,$600.76,4,
200,NQ MAR26,Backtest,ThirtyFour,Short,1,24338.75,24357.75,11/21/2025 12:30:00 PM,11/21/2025 12:31:00 PM,ShortEntry,ExitShort_ReCross,($385.76),$16033.00,$5.76,$0.00,$0.00,$0.00,$0.00,$380.00,$0.00,$385.76,2,
201,NQ MAR26,Backtest,ThirtyFour,Short,1,24359.00,24379.25,11/21/2025 12:52:00 PM,11/21/2025 12:57:00 PM,ShortEntry,ExitShort_ReCross,($410.76),$15622.24,$5.76,$0.00,$0.00,$0.00,$0.00,$610.00,$540.00,$950.76,6,
202,NQ MAR26,Backtest,ThirtyFour,Short,1,24357.50,24270.75,11/21/2025 12:58:00 PM,11/21/2025 1:04:55 PM,ShortEntry,ExitShort_TP,$1729.24,$17351.48,$5.76,$0.00,$0.00,$0.00,$0.00,$115.00,$1745.00,$15.76,8,
203,NQ MAR26,Backtest,ThirtyFour,Short,1,24499.75,24512.50,11/21/2025 2:47:00 PM,11/21/2025 2:50:00 PM,ShortEntry,ExitShort_ReCross,($260.76),$17090.72,$5.76,$0.00,$0.00,$0.00,$0.00,$500.00,$545.00,$805.76,4,
204,NQ MAR26,Backtest,ThirtyFour,Short,1,24492.50,24372.00,11/21/2025 2:51:00 PM,11/21/2025 3:30:01 PM,ShortEntry,ExitShort_TP,$2404.24,$19494.96,$5.76,$0.00,$0.00,$0.00,$0.00,$365.00,$2410.00,$5.76,41,
205,NQ MAR26,Backtest,ThirtyFour,Short,1,25020.25,24960.25,11/25/2025 12:48:00 PM,11/25/2025 2:19:03 PM,ShortEntry,ExitShort_TP,$1194.24,$20689.20,$5.76,$0.00,$0.00,$0.00,$0.00,$585.00,$1210.00,$15.76,93,
206,NQ MAR26,Backtest,ThirtyFour,Short,1,25468.75,25489.25,12/1/2025 12:52:00 PM,12/1/2025 1:55:27 PM,ShortEntry,ExitShort_SL,($415.76),$20273.44,$5.76,$0.00,$0.00,$0.00,$0.00,$440.00,$445.00,$860.76,65,
207,NQ MAR26,Backtest,ThirtyFour,Short,1,25822.75,25762.00,12/10/2025 3:53:00 PM,12/10/2025 4:08:28 PM,ShortEntry,ExitShort_TP,$1209.24,$21482.68,$5.76,$0.00,$0.00,$0.00,$0.00,$395.00,$1215.00,$5.76,17,
208,NQ MAR26,Backtest,ThirtyFour,Long,1,25552.00,25544.75,12/12/2025 7:05:00 AM,12/12/2025 7:06:00 AM,LongEntry,ExitLong_ReCross,($150.76),$21331.92,$5.76,$0.00,$0.00,$0.00,$0.00,$145.00,$0.00,$150.76,2,
209,NQ MAR26,Backtest,ThirtyFour,Long,1,25549.50,25548.50,12/12/2025 7:07:00 AM,12/12/2025 7:09:00 AM,LongEntry,ExitLong_ReCross,($25.76),$21306.16,$5.76,$0.00,$0.00,$0.00,$0.00,$30.00,$45.00,$70.76,3,
210,NQ MAR26,Backtest,ThirtyFour,Long,1,25554.25,25588.75,12/12/2025 7:10:00 AM,12/12/2025 7:54:29 AM,LongEntry,ExitLong_TP,$684.24,$21990.40,$5.76,$0.00,$0.00,$0.00,$0.00,$70.00,$690.00,$5.76,46,
211,NQ MAR26,Backtest,ThirtyFour,Short,1,25413.25,25351.00,12/16/2025 3:59:00 PM,12/16/2025 4:01:02 PM,ShortEntry,ExitShort_TP,$1239.24,$23229.64,$5.76,$0.00,$0.00,$0.00,$0.00,$0.00,$1250.00,$10.76,4,
212,NQ MAR26,Backtest,ThirtyFour,Short,1,25096.50,25103.50,12/18/2025 7:03:00 AM,12/18/2025 7:05:00 AM,ShortEntry,ExitShort_ReCross,($145.76),$23083.88,$5.76,$0.00,$0.00,$0.00,$0.00,$140.00,$0.00,$145.76,3,
213,NQ MAR26,Backtest,ThirtyFour,Short,1,25102.75,25064.75,12/18/2025 7:13:00 AM,12/18/2025 8:07:36 AM,ShortEntry,ExitShort_TP,$754.24,$23838.12,$5.76,$0.00,$0.00,$0.00,$0.00,$185.00,$760.00,$5.76,56,
214,NQ MAR26,Backtest,ThirtyFour,Short,1,25730.00,25733.50,12/22/2025 7:47:00 AM,12/22/2025 7:48:00 AM,ShortEntry,ExitShort_ReCross,($75.76),$23762.36,$5.76,$0.00,$0.00,$0.00,$0.00,$70.00,$0.00,$75.76,2,
215,NQ MAR26,Backtest,ThirtyFour,Short,1,25729.00,25735.50,12/22/2025 7:49:00 AM,12/22/2025 8:00:00 AM,ShortEntry,ExitShort_ReCross,($135.76),$23626.60,$5.76,$0.00,$0.00,$0.00,$0.00,$160.00,$155.00,$290.76,12,
216,NQ MAR26,Backtest,ThirtyFour,Short,1,25739.75,25740.00,12/22/2025 8:12:00 AM,12/22/2025 8:13:00 AM,ShortEntry,ExitShort_ReCross,($10.76),$23615.84,$5.76,$0.00,$0.00,$0.00,$0.00,$5.00,$0.00,$10.76,2,
217,NQ MAR26,Backtest,ThirtyFour,Short,1,25873.25,25876.25,12/24/2025 12:07:00 PM,12/24/2025 12:08:00 PM,ShortEntry,ExitShort_ReCross,($65.76),$23550.08,$5.76,$0.00,$0.00,$0.00,$0.00,$60.00,$0.00,$65.76,2,
218,NQ MAR26,Backtest,ThirtyFour,Short,1,25875.25,25878.75,12/24/2025 12:09:00 PM,12/24/2025 12:13:00 PM,ShortEntry,ExitShort_ReCross,($75.76),$23474.32,$5.76,$0.00,$0.00,$0.00,$0.00,$70.00,$25.00,$100.76,5,
219,NQ MAR26,Backtest,ThirtyFour,Short,1,25873.50,25892.00,12/24/2025 12:19:00 PM,12/24/2025 12:59:16 PM,ShortEntry,ExitShort_SL,($375.76),$23098.56,$5.76,$0.00,$0.00,$0.00,$0.00,$370.00,$190.00,$565.76,42,
220,NQ MAR26,Backtest,ThirtyFour,Short,1,25700.00,25670.75,12/31/2025 9:15:00 AM,12/31/2025 9:30:00 AM,ShortEntry,ExitShort_TP,$579.24,$23677.80,$5.76,$0.00,$0.00,$0.00,$0.00,$55.00,$585.00,$5.76,17,
221,NQ MAR26,Backtest,ThirtyFour,Long,1,25505.00,25497.25,12/31/2025 3:34:00 PM,12/31/2025 3:35:00 PM,LongEntry,ExitLong_ReCross,($160.76),$23517.04,$5.76,$0.00,$0.00,$0.00,$0.00,$155.00,$0.00,$160.76,2,
222,NQ MAR26,Backtest,ThirtyFour,Long,1,25506.25,25499.75,12/31/2025 3:37:00 PM,12/31/2025 3:40:00 PM,LongEntry,ExitLong_ReCross,($135.76),$23381.28,$5.76,$0.00,$0.00,$0.00,$0.00,$205.00,$145.00,$280.76,4,
223,NQ MAR26,Backtest,ThirtyFour,Long,1,25498.50,25495.25,12/31/2025 3:44:00 PM,12/31/2025 3:49:00 PM,LongEntry,ExitLong_ReCross,($70.76),$23310.52,$5.76,$0.00,$0.00,$0.00,$0.00,$110.00,$205.00,$275.76,6,
224,NQ MAR26,Backtest,ThirtyFour,Short,1,25570.00,25568.25,1/5/2026 7:15:00 AM,1/5/2026 7:16:00 AM,ShortEntry,ExitShort_ReCross,$29.24,$23339.76,$5.76,$0.00,$0.00,$0.00,$0.00,$0.00,$35.00,$5.76,2,
225,NQ MAR26,Backtest,ThirtyFour,Short,1,25567.50,25573.50,1/5/2026 7:19:00 AM,1/5/2026 7:21:00 AM,ShortEntry,ExitShort_ReCross,($125.76),$23214.00,$5.76,$0.00,$0.00,$0.00,$0.00,$120.00,$0.00,$125.76,3,
226,NQ MAR26,Backtest,ThirtyFour,Short,1,25570.75,25538.00,1/5/2026 7:27:00 AM,1/5/2026 8:21:45 AM,ShortEntry,ExitShort_TP,$649.24,$23863.24,$5.76,$0.00,$0.00,$0.00,$0.00,$30.00,$655.00,$5.76,56,
227,NQ MAR26,Backtest,ThirtyFour,Short,1,25978.75,25988.75,1/7/2026 12:29:00 PM,1/7/2026 12:30:00 PM,ShortEntry,ExitShort_ReCross,($205.76),$23657.48,$5.76,$0.00,$0.00,$0.00,$0.00,$200.00,$0.00,$205.76,2,
228,NQ MAR26,Backtest,ThirtyFour,Short,1,25977.25,25994.00,1/7/2026 12:34:00 PM,1/7/2026 12:44:02 PM,ShortEntry,ExitShort_SL,($340.76),$23316.72,$5.76,$0.00,$0.00,$0.00,$0.00,$335.00,$45.00,$385.76,12,
229,NQ MAR26,Backtest,ThirtyFour,Long,1,25071.25,25051.25,1/21/2026 7:21:00 AM,1/21/2026 7:33:00 AM,LongEntry,ExitLong_ReCross,($405.76),$22910.96,$5.76,$0.00,$0.00,$0.00,$0.00,$400.00,$360.00,$765.76,13,
230,NQ MAR26,Backtest,ThirtyFour,Long,1,25071.75,25050.25,1/21/2026 7:36:00 AM,1/21/2026 7:38:00 AM,LongEntry,ExitLong_ReCross,($435.76),$22475.20,$5.76,$0.00,$0.00,$0.00,$0.00,$435.00,$0.00,$435.76,3,
231,NQ MAR26,Backtest,ThirtyFour,Long,1,25055.75,25036.50,1/21/2026 7:47:00 AM,1/21/2026 7:48:00 AM,LongEntry,ExitLong_ReCross,($390.76),$22084.44,$5.76,$0.00,$0.00,$0.00,$0.00,$385.00,$0.00,$390.76,2,
232,NQ MAR26,Backtest,ThirtyFour,Long,1,25057.75,25102.50,1/21/2026 7:51:00 AM,1/21/2026 8:09:37 AM,LongEntry,ExitLong_TP,$889.24,$22973.68,$5.76,$0.00,$0.00,$0.00,$0.00,$0.00,$895.00,$5.76,20,
233,NQ MAR26,Backtest,ThirtyFour,Short,1,25463.25,25393.75,1/21/2026 11:06:00 AM,1/21/2026 11:36:35 AM,ShortEntry,ExitShort_TP,$1384.24,$24357.92,$5.76,$0.00,$0.00,$0.00,$0.00,$620.00,$1395.00,$10.76,32,
234,NQ MAR26,Backtest,ThirtyFour,Short,1,25571.00,25448.50,1/21/2026 3:17:00 PM,1/21/2026 3:31:26 PM,ShortEntry,ExitShort_TP,$2444.24,$26802.16,$5.76,$0.00,$0.00,$0.00,$0.00,$115.00,$2450.00,$5.76,16,
235,NQ MAR26,Backtest,ThirtyFour,Long,1,26135.25,26163.50,1/28/2026 12:04:00 PM,1/28/2026 12:54:40 PM,LongEntry,ExitLong_TP,$559.24,$27361.40,$5.76,$0.00,$0.00,$0.00,$0.00,$495.00,$605.00,$45.76,52,
236,NQ MAR26,Backtest,ThirtyFour,Long,1,25662.00,25647.50,1/30/2026 1:29:00 PM,1/30/2026 1:30:00 PM,LongEntry,ExitLong_ReCross,($295.76),$27065.64,$5.76,$0.00,$0.00,$0.00,$0.00,$290.00,$0.00,$295.76,2,
237,NQ MAR26,Backtest,ThirtyFour,Long,1,25645.00,25716.25,1/30/2026 1:47:00 PM,1/30/2026 1:54:29 PM,LongEntry,ExitLong_TP,$1419.24,$28484.88,$5.76,$0.00,$0.00,$0.00,$0.00,$0.00,$1430.00,$10.76,9,
238,NQ MAR26,Backtest,ThirtyFour,Long,1,25349.50,25339.00,2/4/2026 9:13:00 AM,2/4/2026 9:19:00 AM,LongEntry,ExitLong_ReCross,($215.76),$28269.12,$5.76,$0.00,$0.00,$0.00,$0.00,$230.00,$55.00,$270.76,7,
239,NQ MAR26,Backtest,ThirtyFour,Long,1,25347.25,25338.50,2/4/2026 9:20:00 AM,2/4/2026 9:22:00 AM,LongEntry,ExitLong_ReCross,($180.76),$28088.36,$5.76,$0.00,$0.00,$0.00,$0.00,$225.00,$0.00,$180.76,3,
240,NQ MAR26,Backtest,ThirtyFour,Long,1,25000.00,24931.75,2/4/2026 11:57:00 AM,2/4/2026 12:27:01 PM,LongEntry,ExitLong_SL,($1370.76),$26717.60,$5.76,$0.00,$0.00,$0.00,$0.00,$1365.00,$1150.00,$2520.76,32,
241,NQ MAR26,Backtest,ThirtyFour,Long,1,24844.75,24955.50,2/4/2026 12:56:00 PM,2/4/2026 1:58:00 PM,LongEntry,ExitLong_TP,$2209.24,$28926.84,$5.76,$0.00,$0.00,$0.00,$0.00,$515.00,$2215.00,$5.76,64,
242,NQ MAR26,Backtest,ThirtyFour,Long,1,24792.50,24858.50,2/5/2026 8:01:00 AM,2/5/2026 8:38:01 AM,LongEntry,ExitLong_TP,$1314.24,$30241.08,$5.76,$0.00,$0.00,$0.00,$0.00,$590.00,$1320.00,$5.76,39,
243,NQ MAR26,Backtest,ThirtyFour,Short,1,24840.25,24778.00,2/6/2026 7:02:00 AM,2/6/2026 9:25:28 AM,ShortEntry,ExitShort_TP,$1239.24,$31480.32,$5.76,$0.00,$0.00,$0.00,$0.00,$405.00,$1640.00,$400.76,145,
244,NQ MAR26,Backtest,ThirtyFour,Short,1,25392.75,25371.00,2/10/2026 7:38:00 AM,2/10/2026 7:40:58 AM,ShortEntry,ExitShort_TP,$429.24,$31909.56,$5.76,$0.00,$0.00,$0.00,$0.00,$0.00,$435.00,$5.76,4,
245,NQ MAR26,Backtest,ThirtyFour,Long,1,25266.50,25259.75,2/10/2026 3:21:00 PM,2/10/2026 3:25:00 PM,LongEntry,ExitLong_ReCross,($140.76),$31768.80,$5.76,$0.00,$0.00,$0.00,$0.00,$140.00,$175.00,$315.76,5,
246,NQ MAR26,Backtest,ThirtyFour,Long,1,25265.25,25248.25,2/10/2026 3:32:00 PM,2/10/2026 3:34:00 PM,LongEntry,ExitLong_ReCross,($345.76),$31423.04,$5.76,$0.00,$0.00,$0.00,$0.00,$365.00,$5.00,$350.76,3,
247,NQ MAR26,Backtest,ThirtyFour,Long,1,25259.75,25233.25,2/10/2026 3:48:00 PM,2/10/2026 3:52:00 PM,LongEntry,ExitLong_ReCross,($535.76),$30887.28,$5.76,$0.00,$0.00,$0.00,$0.00,$600.00,$120.00,$655.76,5,
248,NQ MAR26,Backtest,ThirtyFour,Long,1,25231.50,25254.75,2/10/2026 4:05:00 PM,2/10/2026 4:59:00 PM,LongEntry,ExitLong_Sess,$459.24,$31346.52,$5.76,$0.00,$0.00,$0.00,$0.00,$110.00,$510.00,$50.76,56,
249,NQ MAR26,Backtest,ThirtyFour,Short,1,24939.00,24946.75,2/13/2026 1:01:00 PM,2/13/2026 1:02:00 PM,ShortEntry,ExitShort_ReCross,($160.76),$31185.76,$5.76,$0.00,$0.00,$0.00,$0.00,$155.00,$0.00,$160.76,2,
250,NQ MAR26,Backtest,ThirtyFour,Short,1,24947.25,24962.75,2/13/2026 1:21:00 PM,2/13/2026 1:22:00 PM,ShortEntry,ExitShort_ReCross,($315.76),$30870.00,$5.76,$0.00,$0.00,$0.00,$0.00,$310.00,$0.00,$315.76,2,
251,NQ MAR26,Backtest,ThirtyFour,Short,1,24955.75,24976.50,2/13/2026 1:27:00 PM,2/13/2026 1:30:00 PM,ShortEntry,ExitShort_ReCross,($420.76),$30449.24,$5.76,$0.00,$0.00,$0.00,$0.00,$440.00,$90.00,$510.76,4,
252,NQ MAR26,Backtest,ThirtyFour,Short,1,24955.00,24971.75,2/13/2026 1:31:00 PM,2/13/2026 1:33:00 PM,ShortEntry,ExitShort_ReCross,($340.76),$30108.48,$5.76,$0.00,$0.00,$0.00,$0.00,$360.00,$45.00,$385.76,3,
253,NQ MAR26,Backtest,ThirtyFour,Short,1,24955.25,24975.50,2/13/2026 1:43:00 PM,2/13/2026 1:48:00 PM,ShortEntry,ExitShort_ReCross,($410.76),$29697.72,$5.76,$0.00,$0.00,$0.00,$0.00,$460.00,$270.00,$680.76,6,
254,NQ MAR26,Backtest,ThirtyFour,Short,1,24959.75,24893.25,2/13/2026 1:51:00 PM,2/13/2026 2:41:49 PM,ShortEntry,ExitShort_TP,$1324.24,$31021.96,$5.76,$0.00,$0.00,$0.00,$0.00,$175.00,$1330.00,$5.76,52,
255,NQ MAR26,Backtest,ThirtyFour,Short,1,24863.75,24784.25,2/17/2026 2:49:00 PM,2/17/2026 3:22:26 PM,ShortEntry,ExitShort_TP,$1584.24,$32606.20,$5.76,$0.00,$0.00,$0.00,$0.00,$5.00,$1590.00,$5.76,35,
256,NQ MAR26,Backtest,ThirtyFour,Long,1,24831.75,24812.25,2/20/2026 7:13:00 AM,2/20/2026 7:21:00 AM,LongEntry,ExitLong_ReCross,($395.76),$32210.44,$5.76,$0.00,$0.00,$0.00,$0.00,$425.00,$355.00,$750.76,9,
257,NQ MAR26,Backtest,ThirtyFour,Long,1,24817.25,24804.25,2/20/2026 7:38:00 AM,2/20/2026 7:41:00 AM,LongEntry,ExitLong_ReCross,($265.76),$31944.68,$5.76,$0.00,$0.00,$0.00,$0.00,$345.00,$10.00,$275.76,4,
258,NQ MAR26,Backtest,ThirtyFour,Long,1,24807.75,24805.50,2/20/2026 7:50:00 AM,2/20/2026 7:51:00 AM,LongEntry,ExitLong_ReCross,($50.76),$31893.92,$5.76,$0.00,$0.00,$0.00,$0.00,$45.00,$0.00,$50.76,2,
259,NQ MAR26,Backtest,ThirtyFour,Long,1,24811.75,24844.75,2/20/2026 7:53:00 AM,2/20/2026 8:18:49 AM,LongEntry,ExitLong_TP,$654.24,$32548.16,$5.76,$0.00,$0.00,$0.00,$0.00,$65.00,$660.00,$5.76,27,
260,NQ MAR26,Backtest,ThirtyFour,Long,1,24711.50,24782.75,2/23/2026 11:20:00 AM,2/23/2026 11:30:37 AM,LongEntry,ExitLong_TP,$1419.24,$33967.40,$5.76,$0.00,$0.00,$0.00,$0.00,$15.00,$1430.00,$10.76,12,
261,NQ MAR26,Backtest,ThirtyFour,Short,1,25129.25,25138.75,2/25/2026 7:32:00 AM,2/25/2026 7:36:00 AM,ShortEntry,ExitShort_ReCross,($195.76),$33771.64,$5.76,$0.00,$0.00,$0.00,$0.00,$245.00,$70.00,$265.76,5,
262,NQ MAR26,Backtest,ThirtyFour,Short,1,25133.75,25139.75,2/25/2026 7:42:00 AM,2/25/2026 7:52:00 AM,ShortEntry,ExitShort_ReCross,($125.76),$33645.88,$5.76,$0.00,$0.00,$0.00,$0.00,$170.00,$140.00,$265.76,11,
263,NQ MAR26,Backtest,ThirtyFour,Short,1,25134.00,25144.25,2/25/2026 7:58:00 AM,2/25/2026 8:05:00 AM,ShortEntry,ExitShort_ReCross,($210.76),$33435.12,$5.76,$0.00,$0.00,$0.00,$0.00,$260.00,$35.00,$245.76,8,
264,NQ MAR26,Backtest,ThirtyFour,Short,1,25140.25,25147.50,2/25/2026 8:11:00 AM,2/25/2026 8:13:00 AM,ShortEntry,ExitShort_ReCross,($150.76),$33284.36,$5.76,$0.00,$0.00,$0.00,$0.00,$155.00,$0.00,$150.76,3,
265,NQ MAR26,Backtest,ThirtyFour,Short,1,25141.25,25156.50,2/25/2026 8:18:00 AM,2/25/2026 8:57:00 AM,ShortEntry,ExitShort_ReCross,($310.76),$32973.60,$5.76,$0.00,$0.00,$0.00,$0.00,$360.00,$350.00,$660.76,40,
266,NQ MAR26,Backtest,ThirtyFour,Long,1,24918.75,24907.50,2/27/2026 8:23:00 AM,2/27/2026 8:24:00 AM,LongEntry,ExitLong_ReCross,($230.76),$32742.84,$5.76,$0.00,$0.00,$0.00,$0.00,$225.00,$0.00,$230.76,2,
267,NQ MAR26,Backtest,ThirtyFour,Long,1,24841.75,24802.00,2/27/2026 8:48:00 AM,2/27/2026 9:27:47 AM,LongEntry,ExitLong_SL,($800.76),$31942.08,$5.76,$0.00,$0.00,$0.00,$0.00,$795.00,$750.00,$1550.76,41,
